"module name","license","repository"
"@ampproject/remapping@2.1.2","Apache-2.0","https://github.com/ampproject/remapping"
"@apollo/protobufjs@1.2.2","BSD-3-Clause","https://github.com/apollographql/protobuf.js"
"@apollographql/apollo-tools@0.5.3","MIT","https://github.com/apollographql/apollo-tooling"
"@apollographql/graphql-playground-html@1.6.29","MIT","https://github.com/graphcool/graphql-playground"
"@babel/code-frame@7.16.7","MIT","https://github.com/babel/babel"
"@babel/compat-data@7.17.0","MIT","https://github.com/babel/babel"
"@babel/core@7.17.5","MIT","https://github.com/babel/babel"
"@babel/generator@7.17.3","MIT","https://github.com/babel/babel"
"@babel/helper-compilation-targets@7.16.7","MIT","https://github.com/babel/babel"
"@babel/helper-environment-visitor@7.16.7","MIT","https://github.com/babel/babel"
"@babel/helper-function-name@7.16.7","MIT","https://github.com/babel/babel"
"@babel/helper-get-function-arity@7.16.7","MIT","https://github.com/babel/babel"
"@babel/helper-hoist-variables@7.16.7","MIT","https://github.com/babel/babel"
"@babel/helper-module-imports@7.16.7","MIT","https://github.com/babel/babel"
"@babel/helper-module-transforms@7.17.6","MIT","https://github.com/babel/babel"
"@babel/helper-plugin-utils@7.16.7","MIT","https://github.com/babel/babel"
"@babel/helper-simple-access@7.16.7","MIT","https://github.com/babel/babel"
"@babel/helper-split-export-declaration@7.16.7","MIT","https://github.com/babel/babel"
"@babel/helper-validator-identifier@7.16.7","MIT","https://github.com/babel/babel"
"@babel/helper-validator-option@7.16.7","MIT","https://github.com/babel/babel"
"@babel/helpers@7.17.2","MIT","https://github.com/babel/babel"
"@babel/highlight@7.16.10","MIT","https://github.com/babel/babel"
"@babel/parser@7.17.3","MIT","https://github.com/babel/babel"
"@babel/plugin-syntax-async-generators@7.8.4","MIT","https://github.com/babel/babel/tree/master/packages/babel-plugin-syntax-async-generators"
"@babel/plugin-syntax-bigint@7.8.3","MIT","https://github.com/babel/babel/tree/master/packages/babel-plugin-syntax-bigint"
"@babel/plugin-syntax-class-properties@7.12.13","MIT","https://github.com/babel/babel"
"@babel/plugin-syntax-import-meta@7.10.4","MIT","https://github.com/babel/babel"
"@babel/plugin-syntax-json-strings@7.8.3","MIT","https://github.com/babel/babel/tree/master/packages/babel-plugin-syntax-json-strings"
"@babel/plugin-syntax-logical-assignment-operators@7.10.4","MIT","https://github.com/babel/babel"
"@babel/plugin-syntax-nullish-coalescing-operator@7.8.3","MIT","https://github.com/babel/babel/tree/master/packages/babel-plugin-syntax-nullish-coalescing-operator"
"@babel/plugin-syntax-numeric-separator@7.10.4","MIT","https://github.com/babel/babel"
"@babel/plugin-syntax-object-rest-spread@7.8.3","MIT","https://github.com/babel/babel/tree/master/packages/babel-plugin-syntax-object-rest-spread"
"@babel/plugin-syntax-optional-catch-binding@7.8.3","MIT","https://github.com/babel/babel/tree/master/packages/babel-plugin-syntax-optional-catch-binding"
"@babel/plugin-syntax-optional-chaining@7.8.3","MIT","https://github.com/babel/babel/tree/master/packages/babel-plugin-syntax-optional-chaining"
"@babel/plugin-syntax-top-level-await@7.14.5","MIT","https://github.com/babel/babel"
"@babel/plugin-syntax-typescript@7.16.7","MIT","https://github.com/babel/babel"
"@babel/template@7.16.7","MIT","https://github.com/babel/babel"
"@babel/traverse@7.17.3","MIT","https://github.com/babel/babel"
"@babel/types@7.17.0","MIT","https://github.com/babel/babel"
"@bcoe/v8-coverage@0.2.3","MIT","https://github.com/demurgos/v8-coverage"
"@colors/colors@1.5.0","MIT","https://github.com/DABH/colors.js"
"@commitlint/cli@16.2.1","MIT","https://github.com/conventional-changelog/commitlint"
"@commitlint/config-conventional@16.2.1","MIT","https://github.com/conventional-changelog/commitlint"
"@commitlint/config-validator@16.2.1","MIT","https://github.com/conventional-changelog/commitlint"
"@commitlint/ensure@16.2.1","MIT","https://github.com/conventional-changelog/commitlint"
"@commitlint/execute-rule@16.2.1","MIT","https://github.com/conventional-changelog/commitlint"
"@commitlint/format@16.2.1","MIT","https://github.com/conventional-changelog/commitlint"
"@commitlint/is-ignored@16.2.1","MIT","https://github.com/conventional-changelog/commitlint"
"@commitlint/lint@16.2.1","MIT","https://github.com/conventional-changelog/commitlint"
"@commitlint/load@16.2.1","MIT","https://github.com/conventional-changelog/commitlint"
"@commitlint/message@16.2.1","MIT","https://github.com/conventional-changelog/commitlint"
"@commitlint/parse@16.2.1","MIT","https://github.com/conventional-changelog/commitlint"
"@commitlint/read@16.2.1","MIT","https://github.com/conventional-changelog/commitlint"
"@commitlint/resolve-extends@16.2.1","MIT","https://github.com/conventional-changelog/commitlint"
"@commitlint/rules@16.2.1","MIT","https://github.com/conventional-changelog/commitlint"
"@commitlint/to-lines@16.2.1","MIT","https://github.com/conventional-changelog/commitlint"
"@commitlint/top-level@16.2.1","MIT","https://github.com/conventional-changelog/commitlint"
"@commitlint/types@16.2.1","MIT","https://github.com/conventional-changelog/commitlint"
"@cspotcode/source-map-consumer@0.8.0","BSD-3-Clause","https://github.com/cspotcode/source-map"
"@cspotcode/source-map-support@0.7.0","MIT","https://github.com/cspotcode/node-source-map-support"
"@dabh/diagnostics@2.0.3","MIT","https://github.com/3rd-Eden/diagnostics"
"@eslint/eslintrc@1.2.0","MIT","https://github.com/eslint/eslintrc"
"@fastify/ajv-compiler@1.1.0","MIT","https://github.com/fastify/ajv-compiler"
"@graphql-tools/merge@8.2.3","MIT","https://github.com/ardatan/graphql-tools"
"@graphql-tools/mock@8.5.2","MIT","https://github.com/ardatan/graphql-tools"
"@graphql-tools/schema@8.3.2","MIT","https://github.com/ardatan/graphql-tools"
"@graphql-tools/utils@8.6.2","MIT","https://github.com/ardatan/graphql-tools"
"@humanwhocodes/config-array@0.9.5","Apache-2.0","https://github.com/humanwhocodes/config-array"
"@humanwhocodes/object-schema@1.2.1","BSD-3-Clause","https://github.com/humanwhocodes/object-schema"
"@istanbuljs/load-nyc-config@1.1.0","ISC","https://github.com/istanbuljs/load-nyc-config"
"@istanbuljs/schema@0.1.3","MIT","https://github.com/istanbuljs/schema"
"@jest/console@27.5.1","MIT","https://github.com/facebook/jest"
"@jest/core@27.5.1","MIT","https://github.com/facebook/jest"
"@jest/environment@27.5.1","MIT","https://github.com/facebook/jest"
"@jest/fake-timers@27.5.1","MIT","https://github.com/facebook/jest"
"@jest/globals@27.5.1","MIT","https://github.com/facebook/jest"
"@jest/reporters@27.5.1","MIT","https://github.com/facebook/jest"
"@jest/source-map@27.5.1","MIT","https://github.com/facebook/jest"
"@jest/test-result@27.5.1","MIT","https://github.com/facebook/jest"
"@jest/test-sequencer@27.5.1","MIT","https://github.com/facebook/jest"
"@jest/transform@27.5.1","MIT","https://github.com/facebook/jest"
"@jest/types@27.5.1","MIT","https://github.com/facebook/jest"
"@josephg/resolvable@1.0.1","ISC","https://github.com/josephg/resolvable"
"@jridgewell/resolve-uri@3.0.5","MIT","https://github.com/jridgewell/resolve-uri"
"@jridgewell/sourcemap-codec@1.4.11","MIT","https://github.com/jridgewell/sourcemap-codec"
"@jridgewell/trace-mapping@0.3.4","MIT","https://github.com/jridgewell/trace-mapping"
"@nodelib/fs.scandir@2.1.5","MIT","https://github.com/nodelib/nodelib/tree/master/packages/fs/fs.scandir"
"@nodelib/fs.stat@2.0.5","MIT","https://github.com/nodelib/nodelib/tree/master/packages/fs/fs.stat"
"@nodelib/fs.walk@1.2.8","MIT","https://github.com/nodelib/nodelib/tree/master/packages/fs/fs.walk"
"@protobufjs/aspromise@1.1.2","BSD-3-Clause","https://github.com/dcodeIO/protobuf.js"
"@protobufjs/base64@1.1.2","BSD-3-Clause","https://github.com/dcodeIO/protobuf.js"
"@protobufjs/codegen@2.0.4","BSD-3-Clause","https://github.com/dcodeIO/protobuf.js"
"@protobufjs/eventemitter@1.1.0","BSD-3-Clause","https://github.com/dcodeIO/protobuf.js"
"@protobufjs/fetch@1.1.0","BSD-3-Clause","https://github.com/dcodeIO/protobuf.js"
"@protobufjs/float@1.0.2","BSD-3-Clause","https://github.com/dcodeIO/protobuf.js"
"@protobufjs/inquire@1.1.0","BSD-3-Clause","https://github.com/dcodeIO/protobuf.js"
"@protobufjs/path@1.1.2","BSD-3-Clause","https://github.com/dcodeIO/protobuf.js"
"@protobufjs/pool@1.1.0","BSD-3-Clause","https://github.com/dcodeIO/protobuf.js"
"@protobufjs/utf8@1.1.0","BSD-3-Clause","https://github.com/dcodeIO/protobuf.js"
"@scalapay/sequelize-graphql@1.12.0","MIT",""
"@sinonjs/commons@1.8.3","BSD-3-Clause","https://github.com/sinonjs/commons"
"@sinonjs/fake-timers@8.1.0","BSD-3-Clause","https://github.com/sinonjs/fake-timers"
"@tootallnate/once@1.1.2","MIT","https://github.com/TooTallNate/once"
"@tsconfig/node10@1.0.8","MIT","https://github.com/tsconfig/bases"
"@tsconfig/node12@1.0.9","MIT","https://github.com/tsconfig/bases"
"@tsconfig/node14@1.0.1","MIT","https://github.com/tsconfig/bases"
"@tsconfig/node16@1.0.2","MIT","https://github.com/tsconfig/bases"
"@types/babel__core@7.1.18","MIT","https://github.com/DefinitelyTyped/DefinitelyTyped"
"@types/babel__generator@7.6.4","MIT","https://github.com/DefinitelyTyped/DefinitelyTyped"
"@types/babel__template@7.4.1","MIT","https://github.com/DefinitelyTyped/DefinitelyTyped"
"@types/babel__traverse@7.14.2","MIT","https://github.com/DefinitelyTyped/DefinitelyTyped"
"@types/debug@4.1.7","MIT","https://github.com/DefinitelyTyped/DefinitelyTyped"
"@types/glob@7.2.0","MIT","https://github.com/DefinitelyTyped/DefinitelyTyped"
"@types/graceful-fs@4.1.5","MIT","https://github.com/DefinitelyTyped/DefinitelyTyped"
"@types/istanbul-lib-coverage@2.0.4","MIT","https://github.com/DefinitelyTyped/DefinitelyTyped"
"@types/istanbul-lib-report@3.0.0","MIT","https://github.com/DefinitelyTyped/DefinitelyTyped"
"@types/istanbul-reports@3.0.1","MIT","https://github.com/DefinitelyTyped/DefinitelyTyped"
"@types/jest@27.4.1","MIT","https://github.com/DefinitelyTyped/DefinitelyTyped"
"@types/json-schema@7.0.9","MIT","https://github.com/DefinitelyTyped/DefinitelyTyped"
"@types/json5@0.0.29","MIT","https://github.com/DefinitelyTyped/DefinitelyTyped"
"@types/lodash@4.14.179","MIT","https://github.com/DefinitelyTyped/DefinitelyTyped"
"@types/long@4.0.1","MIT","https://github.com/DefinitelyTyped/DefinitelyTyped"
"@types/minimatch@3.0.5","MIT","https://github.com/DefinitelyTyped/DefinitelyTyped"
"@types/minimist@1.2.2","MIT","https://github.com/DefinitelyTyped/DefinitelyTyped"
"@types/ms@0.7.31","MIT","https://github.com/DefinitelyTyped/DefinitelyTyped"
"@types/node@10.17.60","MIT","https://github.com/DefinitelyTyped/DefinitelyTyped"
"@types/node@17.0.21","MIT","https://github.com/DefinitelyTyped/DefinitelyTyped"
"@types/normalize-package-data@2.4.1","MIT","https://github.com/DefinitelyTyped/DefinitelyTyped"
"@types/parse-json@4.0.0","MIT","https://github.com/DefinitelyTyped/DefinitelyTyped"
"@types/prettier@2.4.4","MIT","https://github.com/DefinitelyTyped/DefinitelyTyped"
"@types/semver@7.3.9","MIT","https://github.com/DefinitelyTyped/DefinitelyTyped"
"@types/stack-utils@2.0.1","MIT","https://github.com/DefinitelyTyped/DefinitelyTyped"
"@types/strip-bom@3.0.0","MIT","https://github.com/DefinitelyTyped/DefinitelyTyped"
"@types/strip-json-comments@0.0.30","MIT","https://github.com/DefinitelyTyped/DefinitelyTyped"
"@types/uuid@8.3.4","MIT","https://github.com/DefinitelyTyped/DefinitelyTyped"
"@types/validator@13.7.2","MIT","https://github.com/DefinitelyTyped/DefinitelyTyped"
"@types/yargs-parser@21.0.0","MIT","https://github.com/DefinitelyTyped/DefinitelyTyped"
"@types/yargs@16.0.4","MIT","https://github.com/DefinitelyTyped/DefinitelyTyped"
"@typescript-eslint/eslint-plugin@5.13.0","MIT","https://github.com/typescript-eslint/typescript-eslint"
"@typescript-eslint/parser@5.13.0","BSD-2-Clause","https://github.com/typescript-eslint/typescript-eslint"
"@typescript-eslint/scope-manager@5.13.0","MIT","https://github.com/typescript-eslint/typescript-eslint"
"@typescript-eslint/type-utils@5.13.0","MIT","https://github.com/typescript-eslint/typescript-eslint"
"@typescript-eslint/types@5.13.0","MIT","https://github.com/typescript-eslint/typescript-eslint"
"@typescript-eslint/typescript-estree@5.13.0","BSD-2-Clause","https://github.com/typescript-eslint/typescript-eslint"
"@typescript-eslint/utils@5.13.0","MIT","https://github.com/typescript-eslint/typescript-eslint"
"@typescript-eslint/visitor-keys@5.13.0","MIT","https://github.com/typescript-eslint/typescript-eslint"
"JSONStream@1.3.5","(MIT OR Apache-2.0)","https://github.com/dominictarr/JSONStream"
"abab@2.0.5","BSD-3-Clause","https://github.com/jsdom/abab"
"abbrev@1.1.1","ISC","https://github.com/isaacs/abbrev-js"
"abstract-logging@2.0.1","MIT","https://github.com/jsumners/abstract-logging"
"accepts@1.3.8","MIT","https://github.com/jshttp/accepts"
"acorn-globals@6.0.0","MIT","https://github.com/ForbesLindesay/acorn-globals"
"acorn-jsx@5.3.2","MIT","https://github.com/acornjs/acorn-jsx"
"acorn-walk@7.2.0","MIT","https://github.com/acornjs/acorn"
"acorn-walk@8.2.0","MIT","https://github.com/acornjs/acorn"
"acorn@7.4.1","MIT","https://github.com/acornjs/acorn"
"acorn@8.7.0","MIT","https://github.com/acornjs/acorn"
"agent-base@6.0.2","MIT","https://github.com/TooTallNate/node-agent-base"
"aggregate-error@3.1.0","MIT","https://github.com/sindresorhus/aggregate-error"
"ajv@6.12.6","MIT","https://github.com/ajv-validator/ajv"
"ajv@8.11.0","MIT","https://github.com/ajv-validator/ajv"
"ansi-escapes@3.2.0","MIT","https://github.com/sindresorhus/ansi-escapes"
"ansi-escapes@4.3.2","MIT","https://github.com/sindresorhus/ansi-escapes"
"ansi-regex@2.1.1","MIT","https://github.com/chalk/ansi-regex"
"ansi-regex@3.0.0","MIT","https://github.com/chalk/ansi-regex"
"ansi-regex@4.1.0","MIT","https://github.com/chalk/ansi-regex"
"ansi-regex@5.0.1","MIT","https://github.com/chalk/ansi-regex"
"ansi-regex@6.0.1","MIT","https://github.com/chalk/ansi-regex"
"ansi-styles@3.2.1","MIT","https://github.com/chalk/ansi-styles"
"ansi-styles@4.3.0","MIT","https://github.com/chalk/ansi-styles"
"ansi-styles@5.2.0","MIT","https://github.com/chalk/ansi-styles"
"ansi-styles@6.1.0","MIT","https://github.com/chalk/ansi-styles"
"anymatch@3.1.2","ISC","https://github.com/micromatch/anymatch"
"apollo-datasource@3.3.1","MIT","https://github.com/apollographql/apollo-server"
"apollo-reporting-protobuf@3.3.1","MIT","https://github.com/apollographql/apollo-server"
"apollo-server-caching@3.3.0","MIT","https://github.com/apollographql/apollo-server"
"apollo-server-core@3.6.7","MIT","https://github.com/apollographql/apollo-server"
"apollo-server-env@4.2.1","MIT","https://github.com/apollographql/apollo-server"
"apollo-server-errors@3.3.1","MIT","https://github.com/apollographql/apollo-server"
"apollo-server-fastify@3.6.7","MIT","https://github.com/apollographql/apollo-server"
"apollo-server-plugin-base@3.5.2","MIT",""
"apollo-server-types@3.5.2","MIT",""
"aproba@1.2.0","ISC","https://github.com/iarna/aproba"
"archy@1.0.0","MIT","https://github.com/substack/node-archy"
"are-we-there-yet@1.1.7","ISC","https://github.com/iarna/are-we-there-yet"
"arg@4.1.3","MIT","https://github.com/zeit/arg"
"argparse@1.0.10","MIT","https://github.com/nodeca/argparse"
"argparse@2.0.1","Python-2.0","https://github.com/nodeca/argparse"
"array-find-index@1.0.2","MIT","https://github.com/sindresorhus/array-find-index"
"array-ify@1.0.0","MIT","https://github.com/stevemao/array-ify"
"array-includes@3.1.4","MIT","https://github.com/es-shims/array-includes"
"array-union@2.1.0","MIT","https://github.com/sindresorhus/array-union"
"array.prototype.flat@1.2.5","MIT","https://github.com/es-shims/Array.prototype.flat"
"arrify@1.0.1","MIT","https://github.com/sindresorhus/arrify"
"asap@2.0.6","MIT","https://github.com/kriskowal/asap"
"asn1@0.2.6","MIT","https://github.com/joyent/node-asn1"
"assert-plus@1.0.0","MIT","https://github.com/mcavage/node-assert-plus"
"astral-regex@2.0.0","MIT","https://github.com/kevva/astral-regex"
"async-retry@1.3.3","MIT","https://github.com/vercel/async-retry"
"async@0.9.2","MIT","https://github.com/caolan/async"
"async@3.2.3","MIT","https://github.com/caolan/async"
"asynckit@0.4.0","MIT","https://github.com/alexindigo/asynckit"
"atomic-sleep@1.0.0","MIT","https://github.com/davidmarkclements/atomic-sleep"
"avvio@7.2.5","MIT","https://github.com/fastify/avvio"
"aws-sign2@0.7.0","Apache-2.0","https://github.com/mikeal/aws-sign"
"aws4@1.11.0","MIT","https://github.com/mhart/aws4"
"babel-jest@27.5.1","MIT","https://github.com/facebook/jest"
"babel-plugin-istanbul@6.1.1","BSD-3-Clause","https://github.com/istanbuljs/babel-plugin-istanbul"
"babel-plugin-jest-hoist@27.5.1","MIT","https://github.com/facebook/jest"
"babel-preset-current-node-syntax@1.0.1","MIT","https://github.com/nicolo-ribaudo/babel-preset-current-node-syntax"
"babel-preset-jest@27.5.1","MIT","https://github.com/facebook/jest"
"balanced-match@1.0.2","MIT","https://github.com/juliangruber/balanced-match"
"bcrypt-pbkdf@1.0.2","BSD-3-Clause","https://github.com/joyent/node-bcrypt-pbkdf"
"binary-extensions@2.2.0","MIT","https://github.com/sindresorhus/binary-extensions"
"block-stream@0.0.9","ISC","https://github.com/isaacs/block-stream"
"boolbase@1.0.0","ISC","https://github.com/fb55/boolbase"
"brace-expansion@1.1.11","MIT","https://github.com/juliangruber/brace-expansion"
"braces@3.0.2","MIT","https://github.com/micromatch/braces"
"browser-process-hrtime@1.0.0","BSD-2-Clause","https://github.com/kumavis/browser-process-hrtime"
"browserslist@4.19.3","MIT","https://github.com/browserslist/browserslist"
"bs-logger@0.2.6","MIT","https://github.com/huafu/bs-logger"
"bser@2.1.1","Apache-2.0","https://github.com/facebook/watchman"
"buffer-from@1.1.2","MIT","https://github.com/LinusU/buffer-from"
"cachedir@2.2.0","MIT","https://github.com/LinusU/node-cachedir"
"call-bind@1.0.2","MIT","https://github.com/ljharb/call-bind"
"callsites@3.1.0","MIT","https://github.com/sindresorhus/callsites"
"camelcase-keys@6.2.2","MIT","https://github.com/sindresorhus/camelcase-keys"
"camelcase@5.3.1","MIT","https://github.com/sindresorhus/camelcase"
"camelcase@6.3.0","MIT","https://github.com/sindresorhus/camelcase"
"caniuse-lite@1.0.30001312","CC-BY-4.0","https://github.com/browserslist/caniuse-lite"
"caseless@0.12.0","Apache-2.0","https://github.com/mikeal/caseless"
"chalk@2.4.2","MIT","https://github.com/chalk/chalk"
"chalk@4.1.2","MIT","https://github.com/chalk/chalk"
"char-regex@1.0.2","MIT","https://github.com/Richienb/char-regex"
"chardet@0.7.0","MIT","https://github.com/runk/node-chardet"
"chokidar@3.5.3","MIT","https://github.com/paulmillr/chokidar"
"chownr@1.1.4","ISC","https://github.com/isaacs/chownr"
"ci-info@3.3.0","MIT","https://github.com/watson/ci-info"
"cjs-module-lexer@1.2.2","MIT","https://github.com/guybedford/cjs-module-lexer"
"class-validator@0.13.2","MIT","https://github.com/typestack/class-validator"
"clean-stack@2.2.0","MIT","https://github.com/sindresorhus/clean-stack"
"cli-cursor@2.1.0","MIT","https://github.com/sindresorhus/cli-cursor"
"cli-cursor@3.1.0","MIT","https://github.com/sindresorhus/cli-cursor"
"cli-truncate@2.1.0","MIT","https://github.com/sindresorhus/cli-truncate"
"cli-truncate@3.1.0","MIT","https://github.com/sindresorhus/cli-truncate"
"cli-width@2.2.1","ISC","https://github.com/knownasilya/cli-width"
"cliui@7.0.4","ISC","https://github.com/yargs/cliui"
"co@4.6.0","MIT","https://github.com/tj/co"
"code-point-at@1.1.0","MIT","https://github.com/sindresorhus/code-point-at"
"collect-v8-coverage@1.0.1","MIT","https://github.com/SimenB/collect-v8-coverage"
"color-convert@1.9.3","MIT","https://github.com/Qix-/color-convert"
"color-convert@2.0.1","MIT","https://github.com/Qix-/color-convert"
"color-name@1.1.3","MIT","https://github.com/dfcreative/color-name"
"color-name@1.1.4","MIT","https://github.com/colorjs/color-name"
"color-string@1.9.0","MIT","https://github.com/Qix-/color-string"
"color@3.2.1","MIT","https://github.com/Qix-/color"
"colorette@2.0.16","MIT","https://github.com/jorgebucaran/colorette"
"colorspace@1.1.4","MIT","https://github.com/3rd-Eden/colorspace"
"combined-stream@1.0.8","MIT","https://github.com/felixge/node-combined-stream"
"commander@2.20.3","MIT","https://github.com/tj/commander.js"
"commander@8.3.0","MIT","https://github.com/tj/commander.js"
"commitizen@4.2.4","MIT","https://github.com/commitizen/cz-cli"
"compare-func@2.0.0","MIT","https://github.com/stevemao/compare-func"
"concat-map@0.0.1","MIT","https://github.com/substack/node-concat-map"
"confusing-browser-globals@1.0.11","MIT","https://github.com/facebook/create-react-app"
"console-control-strings@1.1.0","ISC","https://github.com/iarna/console-control-strings"
"container@0.0.2","BSD*",""
"conventional-changelog-angular@5.0.13","ISC","https://github.com/conventional-changelog/conventional-changelog"
"conventional-changelog-conventionalcommits@4.6.3","ISC","https://github.com/conventional-changelog/conventional-changelog"
"conventional-commit-types@3.0.0","ISC","https://github.com/commitizen/conventional-commit-types"
"conventional-commits-parser@3.2.4","MIT","https://github.com/conventional-changelog/conventional-changelog"
"convert-source-map@1.8.0","MIT","https://github.com/thlorenz/convert-source-map"
"cookie@0.4.2","MIT","https://github.com/jshttp/cookie"
"core-util-is@1.0.2","MIT","https://github.com/isaacs/core-util-is"
"core-util-is@1.0.3","MIT","https://github.com/isaacs/core-util-is"
"cosmiconfig-typescript-loader@1.0.6","MIT","https://github.com/Codex-/cosmiconfig-typescript-loader"
"cosmiconfig@7.0.1","MIT","https://github.com/davidtheclark/cosmiconfig"
"create-require@1.1.1","MIT","https://github.com/nuxt-contrib/create-require"
"cross-spawn@6.0.5","MIT","https://github.com/moxystudio/node-cross-spawn"
"cross-spawn@7.0.3","MIT","https://github.com/moxystudio/node-cross-spawn"
"css-select@4.2.1","BSD-2-Clause","https://github.com/fb55/css-select"
"css-what@5.1.0","BSD-2-Clause","https://github.com/fb55/css-what"
"cssfilter@0.0.10","MIT","https://github.com/leizongmin/js-css-filter"
"cssom@0.3.8","MIT","https://github.com/NV/CSSOM"
"cssom@0.4.4","MIT","https://github.com/NV/CSSOM"
"cssstyle@2.3.0","MIT","https://github.com/jsdom/cssstyle"
"cz-conventional-changelog@3.2.0","MIT","https://github.com/commitizen/cz-conventional-changelog"
"cz-conventional-changelog@3.3.0","MIT","https://github.com/commitizen/cz-conventional-changelog"
"dargs@7.0.0","MIT","https://github.com/sindresorhus/dargs"
"dashdash@1.14.1","MIT","https://github.com/trentm/node-dashdash"
"data-urls@2.0.0","MIT","https://github.com/jsdom/data-urls"
"dataloader@2.0.0","MIT","https://github.com/graphql/dataloader"
"dateformat@3.0.3","MIT","https://github.com/felixge/node-dateformat"
"debounce@1.2.1","MIT","https://github.com/component/debounce"
"debug@2.6.9","MIT","https://github.com/visionmedia/debug"
"debug@3.2.7","MIT","https://github.com/visionmedia/debug"
"debug@4.3.3","MIT","https://github.com/debug-js/debug"
"debuglog@1.0.1","MIT","https://github.com/sam-github/node-debuglog"
"decamelize-keys@1.1.0","MIT","https://github.com/dsblv/decamelize-keys"
"decamelize@1.2.0","MIT","https://github.com/sindresorhus/decamelize"
"decimal.js@10.3.1","MIT","https://github.com/MikeMcl/decimal.js"
"dedent@0.7.0","MIT","https://github.com/dmnd/dedent"
"deep-extend@0.6.0","MIT","https://github.com/unclechu/node-deep-extend"
"deep-is@0.1.4","MIT","https://github.com/thlorenz/deep-is"
"deepmerge@4.2.2","MIT","https://github.com/TehShrike/deepmerge"
"define-properties@1.1.3","MIT","https://github.com/ljharb/define-properties"
"delayed-stream@1.0.0","MIT","https://github.com/felixge/node-delayed-stream"
"delegates@1.0.0","MIT","https://github.com/visionmedia/node-delegates"
"denque@2.0.1","Apache-2.0","https://github.com/invertase/denque"
"detect-file@1.0.0","MIT","https://github.com/doowb/detect-file"
"detect-indent@6.0.0","MIT","https://github.com/sindresorhus/detect-indent"
"detect-libc@1.0.3","Apache-2.0","https://github.com/lovell/detect-libc"
"detect-newline@3.1.0","MIT","https://github.com/sindresorhus/detect-newline"
"dezalgo@1.0.3","ISC","https://github.com/npm/dezalgo"
"diff-sequences@27.5.1","MIT","https://github.com/facebook/jest"
"diff@4.0.2","BSD-3-Clause","https://github.com/kpdecker/jsdiff"
"dir-glob@3.0.1","MIT","https://github.com/kevva/dir-glob"
"doctrine@2.1.0","Apache-2.0","https://github.com/eslint/doctrine"
"doctrine@3.0.0","Apache-2.0","https://github.com/eslint/doctrine"
"dom-converter@0.2.0","MIT","https://github.com/AriaMinaei/dom-converter"
"dom-serializer@1.3.2","MIT","https://github.com/cheeriojs/dom-renderer"
"domelementtype@2.2.0","BSD-2-Clause","https://github.com/fb55/domelementtype"
"domexception@2.0.1","MIT","https://github.com/jsdom/domexception"
"domhandler@4.3.0","BSD-2-Clause","https://github.com/fb55/domhandler"
"domutils@2.8.0","BSD-2-Clause","https://github.com/fb55/domutils"
"dot-prop@5.3.0","MIT","https://github.com/sindresorhus/dot-prop"
"dottie@2.0.2","MIT","https://github.com/mickhansen/dottie.js"
"dynamic-dedupe@0.3.0","MIT","https://github.com/thlorenz/dynamic-dedupe"
"eastasianwidth@0.2.0","MIT","https://github.com/komagata/eastasianwidth"
"ecc-jsbn@0.1.2","MIT","https://github.com/quartzjer/ecc-jsbn"
"electron-to-chromium@1.4.75","ISC","https://github.com/kilian/electron-to-chromium"
"emittery@0.8.1","MIT","https://github.com/sindresorhus/emittery"
"emoji-regex@8.0.0","MIT","https://github.com/mathiasbynens/emoji-regex"
"emoji-regex@9.2.2","MIT","https://github.com/mathiasbynens/emoji-regex"
"enabled@2.0.0","MIT","https://github.com/3rd-Eden/enabled"
"entities@2.2.0","BSD-2-Clause","https://github.com/fb55/entities"
"error-ex@1.3.2","MIT","https://github.com/qix-/node-error-ex"
"es-abstract@1.19.1","MIT","https://github.com/ljharb/es-abstract"
"es-to-primitive@1.2.1","MIT","https://github.com/ljharb/es-to-primitive"
"escalade@3.1.1","MIT","https://github.com/lukeed/escalade"
"escape-string-regexp@1.0.5","MIT","https://github.com/sindresorhus/escape-string-regexp"
"escape-string-regexp@2.0.0","MIT","https://github.com/sindresorhus/escape-string-regexp"
"escape-string-regexp@4.0.0","MIT","https://github.com/sindresorhus/escape-string-regexp"
"escodegen@2.0.0","BSD-2-Clause","https://github.com/estools/escodegen"
"eslint-config-airbnb-base@15.0.0","MIT","https://github.com/airbnb/javascript"
"eslint-config-airbnb-typescript@16.1.3","MIT","https://github.com/iamturns/eslint-config-airbnb-typescript"
"eslint-config-prettier@8.5.0","MIT","https://github.com/prettier/eslint-config-prettier"
"eslint-import-resolver-node@0.3.6","MIT","https://github.com/import-js/eslint-plugin-import"
"eslint-import-resolver-typescript@2.5.0","ISC","https://github.com/alexgorbatchev/eslint-import-resolver-typescript"
"eslint-module-utils@2.7.3","MIT","https://github.com/import-js/eslint-plugin-import"
"eslint-plugin-import@2.25.4","MIT","https://github.com/import-js/eslint-plugin-import"
"eslint-plugin-prettier@4.0.0","MIT","https://github.com/prettier/eslint-plugin-prettier"
"eslint-scope@5.1.1","BSD-2-Clause","https://github.com/eslint/eslint-scope"
"eslint-scope@7.1.1","BSD-2-Clause","https://github.com/eslint/eslint-scope"
"eslint-utils@3.0.0","MIT","https://github.com/mysticatea/eslint-utils"
"eslint-visitor-keys@2.1.0","Apache-2.0","https://github.com/eslint/eslint-visitor-keys"
"eslint-visitor-keys@3.3.0","Apache-2.0","https://github.com/eslint/eslint-visitor-keys"
"eslint@8.10.0","MIT","https://github.com/eslint/eslint"
"espree@9.3.1","BSD-2-Clause","https://github.com/eslint/espree"
"esprima@4.0.1","BSD-2-Clause","https://github.com/jquery/esprima"
"esquery@1.4.0","BSD-3-Clause","https://github.com/estools/esquery"
"esrecurse@4.3.0","BSD-2-Clause","https://github.com/estools/esrecurse"
"estraverse@4.3.0","BSD-2-Clause","https://github.com/estools/estraverse"
"estraverse@5.3.0","BSD-2-Clause","https://github.com/estools/estraverse"
"esutils@2.0.3","BSD-2-Clause","https://github.com/estools/esutils"
"execa@5.1.1","MIT","https://github.com/sindresorhus/execa"
"exit@0.1.2","MIT","https://github.com/cowboy/node-exit"
"expand-tilde@2.0.2","MIT","https://github.com/jonschlinkert/expand-tilde"
"expect@27.5.1","MIT","https://github.com/facebook/jest"
"extend@3.0.2","MIT","https://github.com/justmoon/node-extend"
"external-editor@3.1.0","MIT","https://github.com/mrkmg/node-external-editor"
"extsprintf@1.3.0","MIT","https://github.com/davepacheco/node-extsprintf"
"fast-decode-uri-component@1.0.1","MIT","https://github.com/delvedor/fast-decode-uri-component"
"fast-deep-equal@3.1.3","MIT","https://github.com/epoberezkin/fast-deep-equal"
"fast-diff@1.2.0","Apache-2.0","https://github.com/jhchen/fast-diff"
"fast-glob@3.2.11","MIT","https://github.com/mrmlnc/fast-glob"
"fast-json-stable-stringify@2.1.0","MIT","https://github.com/epoberezkin/fast-json-stable-stringify"
"fast-json-stringify@2.7.13","MIT","https://github.com/fastify/fast-json-stringify"
"fast-levenshtein@2.0.6","MIT","https://github.com/hiddentao/fast-levenshtein"
"fast-redact@3.1.1","MIT","https://github.com/davidmarkclements/fast-redact"
"fast-safe-stringify@2.1.1","MIT","https://github.com/davidmarkclements/fast-safe-stringify"
"fastify-accepts@2.2.0","MIT","https://github.com/fastify/fastify-accepts"
"fastify-cors@6.0.3","MIT","https://github.com/fastify/fastify-cors"
"fastify-error@0.3.1","MIT","https://github.com/fastify/fastify-error"
"fastify-plugin@3.0.1","MIT","https://github.com/fastify/fastify-plugin"
"fastify@3.27.4","MIT","https://github.com/fastify/fastify"
"fastq@1.13.0","ISC","https://github.com/mcollina/fastq"
"fb-watchman@2.0.1","Apache-2.0","https://github.com/facebook/watchman"
"fecha@4.2.1","MIT","git+https://taylorhakes@github.com/taylorhakes/fecha"
"figures@2.0.0","MIT","https://github.com/sindresorhus/figures"
"file-entry-cache@6.0.1","MIT","https://github.com/royriojas/file-entry-cache"
"filewatcher@3.0.1","MIT","https://github.com/fgnass/filewatcher"
"fill-range@7.0.1","MIT","https://github.com/jonschlinkert/fill-range"
"find-my-way@4.5.1","MIT","https://github.com/delvedor/find-my-way"
"find-node-modules@2.1.3","MIT","https://github.com/callumacrae/find-node-modules"
"find-root@1.1.0","MIT","https://github.com/js-n/find-root"
"find-up@2.1.0","MIT","https://github.com/sindresorhus/find-up"
"find-up@4.1.0","MIT","https://github.com/sindresorhus/find-up"
"find-up@5.0.0","MIT","https://github.com/sindresorhus/find-up"
"findup-sync@4.0.0","MIT","https://github.com/gulpjs/findup-sync"
"flat-cache@3.0.4","MIT","https://github.com/royriojas/flat-cache"
"flatstr@1.0.12","MIT","https://github.com/davidmarkclements/flatstr"
"flatted@3.2.5","ISC","https://github.com/WebReflection/flatted"
"fn.name@1.1.0","MIT","https://github.com/3rd-Eden/fn.name"
"forever-agent@0.6.1","Apache-2.0","https://github.com/mikeal/forever-agent"
"form-data@2.3.3","MIT","https://github.com/form-data/form-data"
"form-data@3.0.1","MIT","https://github.com/form-data/form-data"
"forwarded@0.2.0","MIT","https://github.com/jshttp/forwarded"
"fs-extra@10.0.1","MIT","https://github.com/jprichardson/node-fs-extra"
"fs-extra@8.1.0","MIT","https://github.com/jprichardson/node-fs-extra"
"fs-minipass@1.2.7","ISC","https://github.com/npm/fs-minipass"
"fs.realpath@1.0.0","ISC","https://github.com/isaacs/fs.realpath"
"fstream@1.0.12","ISC","https://github.com/npm/fstream"
"function-bind@1.1.1","MIT","https://github.com/Raynos/function-bind"
"functional-red-black-tree@1.0.1","MIT","https://github.com/mikolalysenko/functional-red-black-tree"
"gauge@2.7.4","ISC","https://github.com/iarna/gauge"
"generate-function@2.3.1","MIT","https://github.com/mafintosh/generate-function"
"gensync@1.0.0-beta.2","MIT","https://github.com/loganfsmyth/gensync"
"get-caller-file@2.0.5","ISC","https://github.com/stefanpenner/get-caller-file"
"get-intrinsic@1.1.1","MIT","https://github.com/ljharb/get-intrinsic"
"get-package-type@0.1.0","MIT","https://github.com/cfware/get-package-type"
"get-stream@6.0.1","MIT","https://github.com/sindresorhus/get-stream"
"get-symbol-description@1.0.0","MIT","https://github.com/inspect-js/get-symbol-description"
"getpass@0.1.7","MIT","https://github.com/arekinath/node-getpass"
"git-raw-commits@2.0.11","MIT","https://github.com/conventional-changelog/conventional-changelog"
"glob-parent@5.1.2","ISC","https://github.com/gulpjs/glob-parent"
"glob-parent@6.0.2","ISC","https://github.com/gulpjs/glob-parent"
"glob@7.1.4","ISC","https://github.com/isaacs/node-glob"
"glob@7.2.0","ISC","https://github.com/isaacs/node-glob"
"global-dirs@0.1.1","MIT","https://github.com/sindresorhus/global-dirs"
"global-modules@1.0.0","MIT","https://github.com/jonschlinkert/global-modules"
"global-prefix@1.0.2","MIT","https://github.com/jonschlinkert/global-prefix"
"globals@11.12.0","MIT","https://github.com/sindresorhus/globals"
"globals@13.12.1","MIT","https://github.com/sindresorhus/globals"
"globby@11.1.0","MIT","https://github.com/sindresorhus/globby"
"graceful-fs@4.2.9","ISC","https://github.com/isaacs/node-graceful-fs"
"graphql-parse-resolve-info@4.12.0","MIT","https://github.com/graphile/graphile-engine"
"graphql-query-complexity@0.7.2","MIT","https://github.com/slicknode/graphql-query-complexity"
"graphql-scalars@1.15.0","MIT","https://github.com/Urigo/graphql-scalars"
"graphql-subscriptions@1.2.1","MIT","https://github.com/apollostack/graphql-subscriptions"
"graphql-tag@2.12.6","MIT","https://github.com/apollographql/graphql-tag"
"graphql@15.8.0","MIT","https://github.com/graphql/graphql-js"
"growly@1.3.0","MIT","https://github.com/theabraham/growly"
"har-schema@2.0.0","ISC","https://github.com/ahmadnassri/har-schema"
"har-validator@5.1.5","MIT","https://github.com/ahmadnassri/node-har-validator"
"hard-rejection@2.1.0","MIT","https://github.com/sindresorhus/hard-rejection"
"has-bigints@1.0.1","MIT","https://github.com/ljharb/has-bigints"
"has-flag@3.0.0","MIT","https://github.com/sindresorhus/has-flag"
"has-flag@4.0.0","MIT","https://github.com/sindresorhus/has-flag"
"has-symbols@1.0.3","MIT","https://github.com/inspect-js/has-symbols"
"has-tostringtag@1.0.0","MIT","https://github.com/inspect-js/has-tostringtag"
"has-unicode@2.0.1","ISC","https://github.com/iarna/has-unicode"
"has@1.0.3","MIT","https://github.com/tarruda/has"
"homedir-polyfill@1.0.3","MIT","https://github.com/doowb/homedir-polyfill"
"hosted-git-info@2.8.9","ISC","https://github.com/npm/hosted-git-info"
"hosted-git-info@4.1.0","ISC","https://github.com/npm/hosted-git-info"
"html-encoding-sniffer@2.0.1","MIT","https://github.com/jsdom/html-encoding-sniffer"
"html-escaper@2.0.2","MIT","https://github.com/WebReflection/html-escaper"
"htmlparser2@6.1.0","MIT","https://github.com/fb55/htmlparser2"
"http-proxy-agent@4.0.1","MIT","https://github.com/TooTallNate/node-http-proxy-agent"
"http-signature@1.2.0","MIT","https://github.com/joyent/node-http-signature"
"https-proxy-agent@5.0.0","MIT","https://github.com/TooTallNate/node-https-proxy-agent"
"human-signals@2.1.0","Apache-2.0","https://github.com/ehmicky/human-signals"
"husky@7.0.4","MIT","https://github.com/typicode/husky"
"iconv-lite@0.4.24","MIT","https://github.com/ashtuchkin/iconv-lite"
"iconv-lite@0.6.3","MIT","https://github.com/ashtuchkin/iconv-lite"
"ignore-walk@3.0.4","ISC","https://github.com/isaacs/ignore-walk"
"ignore@4.0.6","MIT","https://github.com/kaelzhang/node-ignore"
"ignore@5.2.0","MIT","https://github.com/kaelzhang/node-ignore"
"import-fresh@3.3.0","MIT","https://github.com/sindresorhus/import-fresh"
"import-local@3.1.0","MIT","https://github.com/sindresorhus/import-local"
"imurmurhash@0.1.4","MIT","https://github.com/jensyt/imurmurhash-js"
"indent-string@4.0.0","MIT","https://github.com/sindresorhus/indent-string"
"inflection@1.13.2","MIT","https://github.com/dreamerslab/node.inflection"
"inflight@1.0.6","ISC","https://github.com/npm/inflight"
"inherits@2.0.4","ISC","https://github.com/isaacs/inherits"
"ini@1.3.8","ISC","https://github.com/isaacs/ini"
"inquirer@6.5.2","MIT","https://github.com/SBoudrias/Inquirer.js"
"internal-slot@1.0.3","MIT","https://github.com/ljharb/internal-slot"
"ipaddr.js@1.9.1","MIT","https://github.com/whitequark/ipaddr.js"
"is-arrayish@0.2.1","MIT","https://github.com/qix-/node-is-arrayish"
"is-arrayish@0.3.2","MIT","https://github.com/qix-/node-is-arrayish"
"is-bigint@1.0.4","MIT","https://github.com/inspect-js/is-bigint"
"is-binary-path@2.1.0","MIT","https://github.com/sindresorhus/is-binary-path"
"is-boolean-object@1.1.2","MIT","https://github.com/inspect-js/is-boolean-object"
"is-callable@1.2.4","MIT","https://github.com/inspect-js/is-callable"
"is-core-module@2.8.1","MIT","https://github.com/inspect-js/is-core-module"
"is-date-object@1.0.5","MIT","https://github.com/inspect-js/is-date-object"
"is-docker@2.2.1","MIT","https://github.com/sindresorhus/is-docker"
"is-extglob@2.1.1","MIT","https://github.com/jonschlinkert/is-extglob"
"is-fullwidth-code-point@1.0.0","MIT","https://github.com/sindresorhus/is-fullwidth-code-point"
"is-fullwidth-code-point@2.0.0","MIT","https://github.com/sindresorhus/is-fullwidth-code-point"
"is-fullwidth-code-point@3.0.0","MIT","https://github.com/sindresorhus/is-fullwidth-code-point"
"is-fullwidth-code-point@4.0.0","MIT","https://github.com/sindresorhus/is-fullwidth-code-point"
"is-generator-fn@2.1.0","MIT","https://github.com/sindresorhus/is-generator-fn"
"is-glob@4.0.3","MIT","https://github.com/micromatch/is-glob"
"is-negative-zero@2.0.2","MIT","https://github.com/inspect-js/is-negative-zero"
"is-number-object@1.0.6","MIT","https://github.com/inspect-js/is-number-object"
"is-number@7.0.0","MIT","https://github.com/jonschlinkert/is-number"
"is-obj@2.0.0","MIT","https://github.com/sindresorhus/is-obj"
"is-plain-obj@1.1.0","MIT","https://github.com/sindresorhus/is-plain-obj"
"is-potential-custom-element-name@1.0.1","MIT","https://github.com/mathiasbynens/is-potential-custom-element-name"
"is-property@1.0.2","MIT","https://github.com/mikolalysenko/is-property"
"is-regex@1.1.4","MIT","https://github.com/inspect-js/is-regex"
"is-shared-array-buffer@1.0.1","MIT","https://github.com/inspect-js/is-shared-array-buffer"
"is-stream@2.0.1","MIT","https://github.com/sindresorhus/is-stream"
"is-string@1.0.7","MIT","https://github.com/ljharb/is-string"
"is-symbol@1.0.4","MIT","https://github.com/inspect-js/is-symbol"
"is-text-path@1.0.1","MIT","https://github.com/sindresorhus/is-text-path"
"is-typedarray@1.0.0","MIT","https://github.com/hughsk/is-typedarray"
"is-utf8@0.2.1","MIT","https://github.com/wayfind/is-utf8"
"is-weakref@1.0.2","MIT","https://github.com/inspect-js/is-weakref"
"is-windows@1.0.2","MIT","https://github.com/jonschlinkert/is-windows"
"is-wsl@2.2.0","MIT","https://github.com/sindresorhus/is-wsl"
"isarray@1.0.0","MIT","https://github.com/juliangruber/isarray"
"isexe@2.0.0","ISC","https://github.com/isaacs/isexe"
"isstream@0.1.2","MIT","https://github.com/rvagg/isstream"
"istanbul-lib-coverage@3.2.0","BSD-3-Clause","https://github.com/istanbuljs/istanbuljs"
"istanbul-lib-instrument@5.1.0","BSD-3-Clause","https://github.com/istanbuljs/istanbuljs"
"istanbul-lib-report@3.0.0","BSD-3-Clause","https://github.com/istanbuljs/istanbuljs"
"istanbul-lib-source-maps@4.0.1","BSD-3-Clause","https://github.com/istanbuljs/istanbuljs"
"istanbul-reports@3.1.4","BSD-3-Clause","https://github.com/istanbuljs/istanbuljs"
"iterall@1.3.0","MIT","https://github.com/leebyron/iterall"
"jest-changed-files@27.5.1","MIT","https://github.com/facebook/jest"
"jest-circus@27.5.1","MIT","https://github.com/facebook/jest"
"jest-cli@27.5.1","MIT","https://github.com/facebook/jest"
"jest-config@27.5.1","MIT","https://github.com/facebook/jest"
"jest-diff@27.5.1","MIT","https://github.com/facebook/jest"
"jest-docblock@27.5.1","MIT","https://github.com/facebook/jest"
"jest-each@27.5.1","MIT","https://github.com/facebook/jest"
"jest-environment-jsdom@27.5.1","MIT","https://github.com/facebook/jest"
"jest-environment-node@27.5.1","MIT","https://github.com/facebook/jest"
"jest-get-type@27.5.1","MIT","https://github.com/facebook/jest"
"jest-haste-map@27.5.1","MIT","https://github.com/facebook/jest"
"jest-jasmine2@27.5.1","MIT","https://github.com/facebook/jest"
"jest-leak-detector@27.5.1","MIT","https://github.com/facebook/jest"
"jest-matcher-utils@27.5.1","MIT","https://github.com/facebook/jest"
"jest-message-util@27.5.1","MIT","https://github.com/facebook/jest"
"jest-mock@27.5.1","MIT","https://github.com/facebook/jest"
"jest-pnp-resolver@1.2.2","MIT","https://github.com/arcanis/jest-pnp-resolver"
"jest-regex-util@27.5.1","MIT","https://github.com/facebook/jest"
"jest-resolve-dependencies@27.5.1","MIT","https://github.com/facebook/jest"
"jest-resolve@27.5.1","MIT","https://github.com/facebook/jest"
"jest-runner@27.5.1","MIT","https://github.com/facebook/jest"
"jest-runtime@27.5.1","MIT","https://github.com/facebook/jest"
"jest-serializer@27.5.1","MIT","https://github.com/facebook/jest"
"jest-snapshot@27.5.1","MIT","https://github.com/facebook/jest"
"jest-util@27.5.1","MIT","https://github.com/facebook/jest"
"jest-validate@27.5.1","MIT","https://github.com/facebook/jest"
"jest-watcher@27.5.1","MIT","https://github.com/facebook/jest"
"jest-worker@27.5.1","MIT","https://github.com/facebook/jest"
"jest@27.5.1","MIT","https://github.com/facebook/jest"
"js-tokens@4.0.0","MIT","https://github.com/lydell/js-tokens"
"js-yaml@3.14.1","MIT","https://github.com/nodeca/js-yaml"
"js-yaml@4.1.0","MIT","https://github.com/nodeca/js-yaml"
"jsbn@0.1.1","MIT","https://github.com/andyperlitch/jsbn"
"jsdom@16.7.0","MIT","https://github.com/jsdom/jsdom"
"jsesc@2.5.2","MIT","https://github.com/mathiasbynens/jsesc"
"json-parse-better-errors@1.0.2","MIT","https://github.com/zkat/json-parse-better-errors"
"json-parse-even-better-errors@2.3.1","MIT","https://github.com/npm/json-parse-even-better-errors"
"json-schema-traverse@0.4.1","MIT","https://github.com/epoberezkin/json-schema-traverse"
"json-schema-traverse@1.0.0","MIT","https://github.com/epoberezkin/json-schema-traverse"
"json-schema@0.4.0","(AFL-2.1 OR BSD-3-Clause)","https://github.com/kriszyp/json-schema"
"json-stable-stringify-without-jsonify@1.0.1","MIT","https://github.com/samn/json-stable-stringify"
"json-stringify-safe@5.0.1","ISC","https://github.com/isaacs/json-stringify-safe"
"json5@1.0.1","MIT","https://github.com/json5/json5"
"json5@2.2.0","MIT","https://github.com/json5/json5"
"jsonfile@4.0.0","MIT","https://github.com/jprichardson/node-jsonfile"
"jsonfile@6.1.0","MIT","https://github.com/jprichardson/node-jsonfile"
"jsonparse@1.3.1","MIT","https://github.com/creationix/jsonparse"
"jsprim@1.4.2","MIT","https://github.com/joyent/node-jsprim"
"kind-of@6.0.3","MIT","https://github.com/jonschlinkert/kind-of"
"kleur@3.0.3","MIT","https://github.com/lukeed/kleur"
"kuler@2.0.0","MIT","https://github.com/3rd-Eden/kuler"
"leven@3.1.0","MIT","https://github.com/sindresorhus/leven"
"levn@0.3.0","MIT","https://github.com/gkz/levn"
"levn@0.4.1","MIT","https://github.com/gkz/levn"
"libphonenumber-js@1.9.49","MIT","git+https://gitlab.com/catamphetamine/libphonenumber-js"
"license-checker@25.0.1","BSD-3-Clause","https://github.com/davglass/license-checker"
"light-my-request@4.9.0","BSD-3-Clause","https://github.com/fastify/light-my-request"
"lilconfig@2.0.4","MIT","https://github.com/antonk52/lilconfig"
"lines-and-columns@1.2.4","MIT","https://github.com/eventualbuddha/lines-and-columns"
"lint-staged@12.3.4","MIT","https://github.com/okonet/lint-staged"
"listr2@4.0.4","MIT","https://github.com/cenk1cenk2/listr2"
"load-json-file@4.0.0","MIT","https://github.com/sindresorhus/load-json-file"
"locate-path@2.0.0","MIT","https://github.com/sindresorhus/locate-path"
"locate-path@5.0.0","MIT","https://github.com/sindresorhus/locate-path"
"locate-path@6.0.0","MIT","https://github.com/sindresorhus/locate-path"
"lodash.get@4.4.2","MIT","https://github.com/lodash/lodash"
"lodash.map@4.6.0","MIT","https://github.com/lodash/lodash"
"lodash.memoize@4.1.2","MIT","https://github.com/lodash/lodash"
"lodash.merge@4.6.2","MIT","https://github.com/lodash/lodash"
"lodash.sortby@4.7.0","MIT","https://github.com/lodash/lodash"
"lodash@4.17.21","MIT","https://github.com/lodash/lodash"
"log-update@4.0.0","MIT","https://github.com/sindresorhus/log-update"
"logform@2.4.0","MIT","https://github.com/winstonjs/logform"
"loglevel@1.8.0","MIT","https://github.com/pimterry/loglevel"
"long@4.0.0","Apache-2.0","https://github.com/dcodeIO/long.js"
"longest@2.0.1","MIT","https://github.com/jonschlinkert/longest"
"lru-cache@4.1.5","ISC","https://github.com/isaacs/node-lru-cache"
"lru-cache@6.0.0","ISC","https://github.com/isaacs/node-lru-cache"
"make-dir@3.1.0","MIT","https://github.com/sindresorhus/make-dir"
"make-error@1.3.6","ISC","https://github.com/JsCommunity/make-error"
"makeerror@1.0.12","BSD-3-Clause","https://github.com/daaku/nodejs-makeerror"
"map-obj@1.0.1","MIT","https://github.com/sindresorhus/map-obj"
"map-obj@4.3.0","MIT","https://github.com/sindresorhus/map-obj"
"memorystream@0.3.1","MIT","https://github.com/JSBizon/node-memorystream"
"meow@8.1.2","MIT","https://github.com/sindresorhus/meow"
"merge-stream@2.0.0","MIT","https://github.com/grncdr/merge-stream"
"merge2@1.4.1","MIT","https://github.com/teambition/merge2"
"merge@2.1.1","MIT","https://github.com/yeikos/js.merge"
"micromatch@4.0.4","MIT","https://github.com/micromatch/micromatch"
"mime-db@1.51.0","MIT","https://github.com/jshttp/mime-db"
"mime-types@2.1.34","MIT","https://github.com/jshttp/mime-types"
"mimic-fn@1.2.0","MIT","https://github.com/sindresorhus/mimic-fn"
"mimic-fn@2.1.0","MIT","https://github.com/sindresorhus/mimic-fn"
"min-indent@1.0.1","MIT","https://github.com/thejameskyle/min-indent"
"minimatch@3.1.2","ISC","https://github.com/isaacs/minimatch"
"minimist-options@4.1.0","MIT","https://github.com/vadimdemedes/minimist-options"
"minimist@1.2.5","MIT","https://github.com/substack/minimist"
"minimist@1.2.6","MIT","https://github.com/substack/minimist"
"minipass@2.9.0","ISC","https://github.com/isaacs/minipass"
"minizlib@1.3.3","MIT","https://github.com/isaacs/minizlib"
"mkdirp@0.5.5","MIT","https://github.com/substack/node-mkdirp"
"mkdirp@0.5.6","MIT","https://github.com/substack/node-mkdirp"
"mkdirp@1.0.4","MIT","https://github.com/isaacs/node-mkdirp"
"moment-timezone@0.5.34","MIT","https://github.com/moment/moment-timezone"
"moment@2.29.1","MIT","https://github.com/moment/moment"
"ms@2.0.0","MIT","https://github.com/zeit/ms"
"ms@2.1.2","MIT","https://github.com/zeit/ms"
"mute-stream@0.0.7","ISC","https://github.com/isaacs/mute-stream"
"mysql2@2.3.3","MIT","https://github.com/sidorares/node-mysql2"
"named-placeholders@1.1.2","MIT","https://github.com/sidorares/named-placeholders"
"natural-compare@1.4.0","MIT","https://github.com/litejs/natural-compare-lite"
"needle@2.9.1","MIT","https://github.com/tomas/needle"
"negotiator@0.6.3","MIT","https://github.com/jshttp/negotiator"
"nice-try@1.0.5","MIT","https://github.com/electerious/nice-try"
"node-addon-api@3.2.1","MIT","https://github.com/nodejs/node-addon-api"
"node-dev@7.2.0","MIT","https://github.com/fgnass/node-dev"
"node-fetch@2.6.7","MIT","https://github.com/bitinn/node-fetch"
"node-gyp@3.8.0","MIT","https://github.com/nodejs/node-gyp"
"node-int64@0.4.0","MIT","https://github.com/broofa/node-int64"
"node-notifier@8.0.2","MIT","https://github.com/mikaelbr/node-notifier"
"node-pre-gyp@0.11.0","BSD-3-Clause","https://github.com/mapbox/node-pre-gyp"
"node-releases@2.0.2","MIT","https://github.com/chicoxyzzy/node-releases"
"nopt@3.0.6","ISC","https://github.com/npm/nopt"
"nopt@4.0.3","ISC","https://github.com/npm/nopt"
"normalize-package-data@2.5.0","BSD-2-Clause","https://github.com/npm/normalize-package-data"
"normalize-package-data@3.0.3","BSD-2-Clause","https://github.com/npm/normalize-package-data"
"normalize-path@3.0.0","MIT","https://github.com/jonschlinkert/normalize-path"
"npm-bundled@1.1.2","ISC","https://github.com/npm/npm-bundled"
"npm-normalize-package-bin@1.0.1","ISC","https://github.com/npm/npm-normalize-package-bin"
"npm-packlist@1.4.8","ISC","https://github.com/npm/npm-packlist"
"npm-run-all@4.1.5","MIT","https://github.com/mysticatea/npm-run-all"
"npm-run-path@4.0.1","MIT","https://github.com/sindresorhus/npm-run-path"
"npmlog@4.1.2","ISC","https://github.com/npm/npmlog"
"nth-check@2.0.1","BSD-2-Clause","https://github.com/fb55/nth-check"
"number-is-nan@1.0.1","MIT","https://github.com/sindresorhus/number-is-nan"
"nwsapi@2.2.0","MIT","https://github.com/dperini/nwsapi"
"oauth-sign@0.9.0","Apache-2.0","https://github.com/mikeal/oauth-sign"
"object-assign@4.1.1","MIT","https://github.com/sindresorhus/object-assign"
"object-inspect@1.12.0","MIT","https://github.com/inspect-js/object-inspect"
"object-keys@1.1.1","MIT","https://github.com/ljharb/object-keys"
"object.assign@4.1.2","MIT","https://github.com/ljharb/object.assign"
"object.entries@1.1.5","MIT","https://github.com/es-shims/Object.entries"
"object.values@1.1.5","MIT","https://github.com/es-shims/Object.values"
"once@1.4.0","ISC","https://github.com/isaacs/once"
"one-time@1.0.0","MIT","https://github.com/3rd-Eden/one-time"
"onetime@2.0.1","MIT","https://github.com/sindresorhus/onetime"
"onetime@5.1.2","MIT","https://github.com/sindresorhus/onetime"
"optionator@0.8.3","MIT","https://github.com/gkz/optionator"
"optionator@0.9.1","MIT","https://github.com/gkz/optionator"
"os-homedir@1.0.2","MIT","https://github.com/sindresorhus/os-homedir"
"os-tmpdir@1.0.2","MIT","https://github.com/sindresorhus/os-tmpdir"
"osenv@0.1.5","ISC","https://github.com/npm/osenv"
"p-limit@1.3.0","MIT","https://github.com/sindresorhus/p-limit"
"p-limit@2.3.0","MIT","https://github.com/sindresorhus/p-limit"
"p-limit@3.1.0","MIT","https://github.com/sindresorhus/p-limit"
"p-locate@2.0.0","MIT","https://github.com/sindresorhus/p-locate"
"p-locate@4.1.0","MIT","https://github.com/sindresorhus/p-locate"
"p-locate@5.0.0","MIT","https://github.com/sindresorhus/p-locate"
"p-map@4.0.0","MIT","https://github.com/sindresorhus/p-map"
"p-try@1.0.0","MIT","https://github.com/sindresorhus/p-try"
"p-try@2.2.0","MIT","https://github.com/sindresorhus/p-try"
"parent-module@1.0.1","MIT","https://github.com/sindresorhus/parent-module"
"parse-json@4.0.0","MIT","https://github.com/sindresorhus/parse-json"
"parse-json@5.2.0","MIT","https://github.com/sindresorhus/parse-json"
"parse-passwd@1.0.0","MIT","https://github.com/doowb/parse-passwd"
"parse5@6.0.1","MIT","https://github.com/inikulin/parse5"
"path-exists@3.0.0","MIT","https://github.com/sindresorhus/path-exists"
"path-exists@4.0.0","MIT","https://github.com/sindresorhus/path-exists"
"path-is-absolute@1.0.1","MIT","https://github.com/sindresorhus/path-is-absolute"
"path-key@2.0.1","MIT","https://github.com/sindresorhus/path-key"
"path-key@3.1.1","MIT","https://github.com/sindresorhus/path-key"
"path-parse@1.0.7","MIT","https://github.com/jbgutierrez/path-parse"
"path-type@3.0.0","MIT","https://github.com/sindresorhus/path-type"
"path-type@4.0.0","MIT","https://github.com/sindresorhus/path-type"
"performance-now@2.1.0","MIT","https://github.com/braveg1rl/performance-now"
"pg-connection-string@2.5.0","MIT","https://github.com/brianc/node-postgres"
"picocolors@1.0.0","ISC","https://github.com/alexeyraspopov/picocolors"
"picomatch@2.3.1","MIT","https://github.com/micromatch/picomatch"
"pidtree@0.3.1","MIT","https://github.com/simonepri/pidtree"
"pify@3.0.0","MIT","https://github.com/sindresorhus/pify"
"pino-std-serializers@3.2.0","MIT","https://github.com/pinojs/pino-std-serializers"
"pino@6.14.0","MIT","https://github.com/pinojs/pino"
"pirates@4.0.5","MIT","https://github.com/danez/pirates"
"pkg-dir@4.2.0","MIT","https://github.com/sindresorhus/pkg-dir"
"prelude-ls@1.1.2","MIT","https://github.com/gkz/prelude-ls"
"prelude-ls@1.2.1","MIT","https://github.com/gkz/prelude-ls"
"prettier-linter-helpers@1.0.0","MIT","https://github.com/prettier/prettier-linter-helpers"
"prettier@2.5.1","MIT","https://github.com/prettier/prettier"
"pretty-error@4.0.0","MIT","https://github.com/AriaMinaei/pretty-error"
"pretty-format@27.5.1","MIT","https://github.com/facebook/jest"
"process-nextick-args@2.0.1","MIT","https://github.com/calvinmetcalf/process-nextick-args"
"process-warning@1.0.0","MIT","https://github.com/fastify/processs-warning"
"prompts@2.4.2","MIT","https://github.com/terkelg/prompts"
"proxy-addr@2.0.7","MIT","https://github.com/jshttp/proxy-addr"
"pseudomap@1.0.2","ISC","https://github.com/isaacs/pseudomap"
"psl@1.8.0","MIT","https://github.com/lupomontero/psl"
"punycode@2.1.1","MIT","https://github.com/bestiejs/punycode.js"
"q@1.5.1","MIT","https://github.com/kriskowal/q"
"qs@6.5.3","BSD-3-Clause","https://github.com/ljharb/qs"
"queue-microtask@1.2.3","MIT","https://github.com/feross/queue-microtask"
"quick-format-unescaped@4.0.4","MIT","https://github.com/davidmarkclements/quick-format"
"quick-lru@4.0.1","MIT","https://github.com/sindresorhus/quick-lru"
"rc@1.2.8","(BSD-2-Clause OR MIT OR Apache-2.0)","https://github.com/dominictarr/rc"
"react-is@17.0.2","MIT","https://github.com/facebook/react"
"read-installed@4.0.3","ISC","https://github.com/isaacs/read-installed"
"read-package-json@2.1.2","ISC","https://github.com/npm/read-package-json"
"read-pkg-up@7.0.1","MIT","https://github.com/sindresorhus/read-pkg-up"
"read-pkg@3.0.0","MIT","https://github.com/sindresorhus/read-pkg"
"read-pkg@5.2.0","MIT","https://github.com/sindresorhus/read-pkg"
"readable-stream@2.3.7","MIT","https://github.com/nodejs/readable-stream"
"readable-stream@3.6.0","MIT","https://github.com/nodejs/readable-stream"
"readdir-scoped-modules@1.1.0","ISC","https://github.com/npm/readdir-scoped-modules"
"readdirp@3.6.0","MIT","https://github.com/paulmillr/readdirp"
"redent@3.0.0","MIT","https://github.com/sindresorhus/redent"
"reflect-metadata@0.1.13","Apache-2.0","https://github.com/rbuckton/reflect-metadata"
"regexpp@3.2.0","MIT","https://github.com/mysticatea/regexpp"
"renderkid@3.0.0","MIT","https://github.com/AriaMinaei/RenderKid"
"request@2.88.2","Apache-2.0","https://github.com/request/request"
"require-directory@2.1.1","MIT","https://github.com/troygoode/node-require-directory"
"require-from-string@2.0.2","MIT","https://github.com/floatdrop/require-from-string"
"resolve-cwd@3.0.0","MIT","https://github.com/sindresorhus/resolve-cwd"
"resolve-dir@1.0.1","MIT","https://github.com/jonschlinkert/resolve-dir"
"resolve-from@4.0.0","MIT","https://github.com/sindresorhus/resolve-from"
"resolve-from@5.0.0","MIT","https://github.com/sindresorhus/resolve-from"
"resolve-global@1.0.0","MIT","https://github.com/sindresorhus/resolve-global"
"resolve.exports@1.1.0","MIT","https://github.com/lukeed/resolve.exports"
"resolve@1.22.0","MIT","https://github.com/browserify/resolve"
"restore-cursor@2.0.0","MIT","https://github.com/sindresorhus/restore-cursor"
"restore-cursor@3.1.0","MIT","https://github.com/sindresorhus/restore-cursor"
"ret@0.2.2","MIT","https://github.com/fent/ret.js"
"retry-as-promised@5.0.0","MIT","https://github.com/mickhansen/retry-as-promised"
"retry@0.13.1","MIT","https://github.com/tim-kos/node-retry"
"reusify@1.0.4","MIT","https://github.com/mcollina/reusify"
"rfdc@1.3.0","MIT","https://github.com/davidmarkclements/rfdc"
"rimraf@2.7.1","ISC","https://github.com/isaacs/rimraf"
"rimraf@3.0.2","ISC","https://github.com/isaacs/rimraf"
"run-async@2.4.1","MIT","https://github.com/SBoudrias/run-async"
"run-parallel@1.2.0","MIT","https://github.com/feross/run-parallel"
"rxjs@6.6.7","Apache-2.0","https://github.com/reactivex/rxjs"
"rxjs@7.5.4","Apache-2.0","https://github.com/reactivex/rxjs"
"safe-buffer@5.1.2","MIT","https://github.com/feross/safe-buffer"
"safe-buffer@5.2.1","MIT","https://github.com/feross/safe-buffer"
"safe-regex2@2.0.0","MIT","https://github.com/fastify/safe-regex"
"safe-stable-stringify@2.3.1","MIT","https://github.com/BridgeAR/safe-stable-stringify"
"safer-buffer@2.1.2","MIT","https://github.com/ChALkeR/safer-buffer"
"sax@1.2.4","ISC","https://github.com/isaacs/sax-js"
"saxes@5.0.1","ISC","https://github.com/lddubeau/saxes"
"secure-json-parse@2.4.0","BSD-3-Clause","https://github.com/fastify/secure-json-parse"
"semver-store@0.3.0","MIT","https://github.com/delvedor/semver-store"
"semver@5.3.0","ISC","https://github.com/npm/node-semver"
"semver@5.7.1","ISC","https://github.com/npm/node-semver"
"semver@6.3.0","ISC","https://github.com/npm/node-semver"
"semver@7.3.5","ISC","https://github.com/npm/node-semver"
"seq-queue@0.0.5","MIT*","https://github.com/changchang/seq-queue"
"sequelize-pool@7.1.0","MIT","https://github.com/sushantdhiman/sequelize-pool"
"sequelize@6.19.0","MIT","https://github.com/sequelize/sequelize"
"set-blocking@2.0.0","ISC","https://github.com/yargs/set-blocking"
"set-cookie-parser@2.4.8","MIT","https://github.com/nfriedly/set-cookie-parser"
"sha.js@2.4.11","(MIT AND BSD-3-Clause)","https://github.com/crypto-browserify/sha.js"
"shebang-command@1.2.0","MIT","https://github.com/kevva/shebang-command"
"shebang-command@2.0.0","MIT","https://github.com/kevva/shebang-command"
"shebang-regex@1.0.0","MIT","https://github.com/sindresorhus/shebang-regex"
"shebang-regex@3.0.0","MIT","https://github.com/sindresorhus/shebang-regex"
"shell-quote@1.7.3","MIT","https://github.com/substack/node-shell-quote"
"shellwords@0.1.1","MIT","https://github.com/jimmycuadra/shellwords"
"side-channel@1.0.4","MIT","https://github.com/ljharb/side-channel"
"signal-exit@3.0.7","ISC","https://github.com/tapjs/signal-exit"
"simple-swizzle@0.2.2","MIT","https://github.com/qix-/node-simple-swizzle"
"sisteransi@1.0.5","MIT","https://github.com/terkelg/sisteransi"
"slash@3.0.0","MIT","https://github.com/sindresorhus/slash"
"slice-ansi@3.0.0","MIT","https://github.com/chalk/slice-ansi"
"slice-ansi@4.0.0","MIT","https://github.com/chalk/slice-ansi"
"slice-ansi@5.0.0","MIT","https://github.com/chalk/slice-ansi"
"slide@1.1.6","ISC","https://github.com/isaacs/slide-flow-control"
"sonic-boom@1.4.1","MIT","https://github.com/mcollina/sonic-boom"
"source-map-support@0.5.21","MIT","https://github.com/evanw/node-source-map-support"
"source-map@0.5.7","BSD-3-Clause","https://github.com/mozilla/source-map"
"source-map@0.6.1","BSD-3-Clause","https://github.com/mozilla/source-map"
"source-map@0.7.3","BSD-3-Clause","https://github.com/mozilla/source-map"
"spdx-compare@1.0.0","MIT","https://github.com/kemitchell/spdx-compare.js"
"spdx-correct@3.1.1","Apache-2.0","https://github.com/jslicense/spdx-correct.js"
"spdx-exceptions@2.3.0","CC-BY-3.0","https://github.com/kemitchell/spdx-exceptions.json"
"spdx-expression-parse@3.0.1","MIT","https://github.com/jslicense/spdx-expression-parse.js"
"spdx-license-ids@3.0.11","CC0-1.0","https://github.com/jslicense/spdx-license-ids"
"spdx-ranges@2.1.1","(MIT AND CC-BY-3.0)","https://github.com/kemitchell/spdx-ranges.js"
"spdx-satisfies@4.0.1","MIT","https://github.com/kemitchell/spdx-satisfies.js"
"split2@3.2.2","ISC","https://github.com/mcollina/split2"
"sprintf-js@1.0.3","BSD-3-Clause","https://github.com/alexei/sprintf.js"
"sqlite3@5.0.2","BSD-3-Clause","https://github.com/mapbox/node-sqlite3"
"sqlstring@2.3.3","MIT","https://github.com/mysqljs/sqlstring"
"sshpk@1.17.0","MIT","https://github.com/joyent/node-sshpk"
"stack-trace@0.0.10","MIT","https://github.com/felixge/node-stack-trace"
"stack-utils@2.0.5","MIT","https://github.com/tapjs/stack-utils"
"string-argv@0.3.1","MIT","https://github.com/mccormicka/string-argv"
"string-length@4.0.2","MIT","https://github.com/sindresorhus/string-length"
"string-similarity@4.0.4","ISC","https://github.com/aceakash/string-similarity"
"string-width@1.0.2","MIT","https://github.com/sindresorhus/string-width"
"string-width@2.1.1","MIT","https://github.com/sindresorhus/string-width"
"string-width@4.2.3","MIT","https://github.com/sindresorhus/string-width"
"string-width@5.1.2","MIT","https://github.com/sindresorhus/string-width"
"string.prototype.padend@3.1.3","MIT","https://github.com/es-shims/String.prototype.padEnd"
"string.prototype.trimend@1.0.4","MIT","https://github.com/es-shims/String.prototype.trimEnd"
"string.prototype.trimstart@1.0.4","MIT","https://github.com/es-shims/String.prototype.trimStart"
"string_decoder@1.1.1","MIT","https://github.com/nodejs/string_decoder"
"strip-ansi@3.0.1","MIT","https://github.com/chalk/strip-ansi"
"strip-ansi@4.0.0","MIT","https://github.com/chalk/strip-ansi"
"strip-ansi@5.2.0","MIT","https://github.com/chalk/strip-ansi"
"strip-ansi@6.0.1","MIT","https://github.com/chalk/strip-ansi"
"strip-ansi@7.0.1","MIT","https://github.com/chalk/strip-ansi"
"strip-bom@3.0.0","MIT","https://github.com/sindresorhus/strip-bom"
"strip-bom@4.0.0","MIT","https://github.com/sindresorhus/strip-bom"
"strip-final-newline@2.0.0","MIT","https://github.com/sindresorhus/strip-final-newline"
"strip-indent@3.0.0","MIT","https://github.com/sindresorhus/strip-indent"
"strip-json-comments@2.0.1","MIT","https://github.com/sindresorhus/strip-json-comments"
"strip-json-comments@3.0.1","MIT","https://github.com/sindresorhus/strip-json-comments"
"strip-json-comments@3.1.1","MIT","https://github.com/sindresorhus/strip-json-comments"
"supports-color@5.5.0","MIT","https://github.com/chalk/supports-color"
"supports-color@7.2.0","MIT","https://github.com/chalk/supports-color"
"supports-color@8.1.1","MIT","https://github.com/chalk/supports-color"
"supports-color@9.2.1","MIT","https://github.com/chalk/supports-color"
"supports-hyperlinks@2.2.0","MIT","https://github.com/jamestalmage/supports-hyperlinks"
"supports-preserve-symlinks-flag@1.0.0","MIT","https://github.com/inspect-js/node-supports-preserve-symlinks-flag"
"symbol-tree@3.2.4","MIT","https://github.com/jsdom/js-symbol-tree"
"tar@2.2.2","ISC","https://github.com/isaacs/node-tar"
"tar@4.4.19","ISC","https://github.com/npm/node-tar"
"terminal-link@2.1.1","MIT","https://github.com/sindresorhus/terminal-link"
"test-exclude@6.0.0","ISC","https://github.com/istanbuljs/test-exclude"
"text-extensions@1.9.0","MIT","https://github.com/sindresorhus/text-extensions"
"text-hex@1.0.0","MIT","https://github.com/3rd-Eden/text-hex"
"text-table@0.2.0","MIT","https://github.com/substack/text-table"
"throat@6.0.1","MIT","https://github.com/ForbesLindesay/throat"
"through2@4.0.2","MIT","https://github.com/rvagg/through2"
"through@2.3.8","MIT","https://github.com/dominictarr/through"
"tiny-lru@8.0.2","BSD-3-Clause","https://github.com/avoidwork/tiny-lru"
"tmp@0.0.33","MIT","https://github.com/raszi/node-tmp"
"tmpl@1.0.5","BSD-3-Clause","https://github.com/daaku/nodejs-tmpl"
"to-fast-properties@2.0.0","MIT","https://github.com/sindresorhus/to-fast-properties"
"to-regex-range@5.0.1","MIT","https://github.com/micromatch/to-regex-range"
"toposort-class@1.0.1","MIT","https://github.com/gustavohenke/toposort"
"tough-cookie@2.5.0","BSD-3-Clause","https://github.com/salesforce/tough-cookie"
"tough-cookie@4.0.0","BSD-3-Clause","https://github.com/salesforce/tough-cookie"
"tr46@0.0.3","MIT","https://github.com/Sebmaster/tr46.js"
"tr46@2.1.0","MIT","https://github.com/jsdom/tr46"
"tree-kill@1.2.2","MIT","https://github.com/pkrumins/node-tree-kill"
"treeify@1.1.0","MIT","https://github.com/notatestuser/treeify"
"trim-newlines@3.0.1","MIT","https://github.com/sindresorhus/trim-newlines"
"triple-beam@1.3.0","MIT","https://github.com/winstonjs/triple-beam"
"ts-jest@27.1.3","MIT","https://github.com/kulshekhar/ts-jest"
"ts-node-dev@1.1.8","MIT","https://github.com/whitecolor/ts-node-dev"
"ts-node@10.6.0","MIT","https://github.com/TypeStrong/ts-node"
"ts-node@9.1.1","MIT","https://github.com/TypeStrong/ts-node"
"tsconfig-paths@3.13.0","MIT","https://github.com/dividab/tsconfig-paths"
"tsconfig@7.0.0","MIT","https://github.com/TypeStrong/tsconfig"
"tslib@1.14.1","0BSD","https://github.com/Microsoft/tslib"
"tslib@2.3.1","0BSD","https://github.com/Microsoft/tslib"
"tsutils@3.21.0","MIT","https://github.com/ajafff/tsutils"
"ttypescript@1.5.13","MIT","https://github.com/cevek/ttypescript"
"tunnel-agent@0.6.0","Apache-2.0","https://github.com/mikeal/tunnel-agent"
"tweetnacl@0.14.5","Unlicense","https://github.com/dchest/tweetnacl-js"
"type-check@0.3.2","MIT","https://github.com/gkz/type-check"
"type-check@0.4.0","MIT","https://github.com/gkz/type-check"
"type-detect@4.0.8","MIT","https://github.com/chaijs/type-detect"
"type-fest@0.18.1","(MIT OR CC0-1.0)","https://github.com/sindresorhus/type-fest"
"type-fest@0.20.2","(MIT OR CC0-1.0)","https://github.com/sindresorhus/type-fest"
"type-fest@0.21.3","(MIT OR CC0-1.0)","https://github.com/sindresorhus/type-fest"
"type-fest@0.6.0","(MIT OR CC0-1.0)","https://github.com/sindresorhus/type-fest"
"type-fest@0.8.1","(MIT OR CC0-1.0)","https://github.com/sindresorhus/type-fest"
"type-graphql@1.1.1","MIT","https://github.com/MichalLytek/type-graphql"
"typedarray-to-buffer@3.1.5","MIT","https://github.com/feross/typedarray-to-buffer"
"typedi@0.10.0","MIT","https://github.com/pleerock/typedi"
"typescript-transform-paths@3.3.1","MIT","https://github.com/LeDDGroup/typescript-transform-paths"
"typescript@4.6.2","Apache-2.0","https://github.com/Microsoft/TypeScript"
"unbox-primitive@1.0.1","MIT","https://github.com/ljharb/unbox-primitive"
"universalify@0.1.2","MIT","https://github.com/RyanZim/universalify"
"universalify@2.0.0","MIT","https://github.com/RyanZim/universalify"
"uri-js@4.4.1","BSD-2-Clause","https://github.com/garycourt/uri-js"
"util-deprecate@1.0.2","MIT","https://github.com/TooTallNate/util-deprecate"
"util-extend@1.0.3","MIT","https://github.com/isaacs/util-extend"
"utila@0.4.0","MIT","https://github.com/AriaMinaei/utila"
"uuid@3.4.0","MIT","https://github.com/uuidjs/uuid"
"uuid@8.3.2","MIT","https://github.com/uuidjs/uuid"
"v8-compile-cache-lib@3.0.0","MIT","https://github.com/cspotcode/v8-compile-cache-lib"
"v8-compile-cache@2.3.0","MIT","https://github.com/zertosh/v8-compile-cache"
"v8-to-istanbul@8.1.1","ISC","https://github.com/istanbuljs/v8-to-istanbul"
"validate-npm-package-license@3.0.4","Apache-2.0","https://github.com/kemitchell/validate-npm-package-license.js"
"validator@13.7.0","MIT","https://github.com/validatorjs/validator.js"
"value-or-promise@1.0.11","MIT","https://github.com/yaacovCR/value-or-promise"
"vary@1.1.2","MIT","https://github.com/jshttp/vary"
"verror@1.10.0","MIT","https://github.com/davepacheco/node-verror"
"w3c-hr-time@1.0.2","MIT","https://github.com/jsdom/w3c-hr-time"
"w3c-xmlserializer@2.0.0","MIT","https://github.com/jsdom/w3c-xmlserializer"
"walker@1.0.8","Apache-2.0","https://github.com/daaku/nodejs-walker"
"webidl-conversions@3.0.1","BSD-2-Clause","https://github.com/jsdom/webidl-conversions"
"webidl-conversions@5.0.0","BSD-2-Clause","https://github.com/jsdom/webidl-conversions"
"webidl-conversions@6.1.0","BSD-2-Clause","https://github.com/jsdom/webidl-conversions"
"whatwg-encoding@1.0.5","MIT","https://github.com/jsdom/whatwg-encoding"
"whatwg-mimetype@2.3.0","MIT","https://github.com/jsdom/whatwg-mimetype"
"whatwg-url@5.0.0","MIT","https://github.com/jsdom/whatwg-url"
"whatwg-url@8.7.0","MIT","https://github.com/jsdom/whatwg-url"
"which-boxed-primitive@1.0.2","MIT","https://github.com/inspect-js/which-boxed-primitive"
"which@1.3.1","ISC","https://github.com/isaacs/node-which"
"which@2.0.2","ISC","https://github.com/isaacs/node-which"
"wide-align@1.1.5","ISC","https://github.com/iarna/wide-align"
"winston-transport@4.5.0","MIT","https://github.com/winstonjs/winston-transport"
"winston@3.6.0","MIT","https://github.com/winstonjs/winston"
"wkx@0.5.0","MIT","https://github.com/cschwarz/wkx"
"word-wrap@1.2.3","MIT","https://github.com/jonschlinkert/word-wrap"
"wrap-ansi@6.2.0","MIT","https://github.com/chalk/wrap-ansi"
"wrap-ansi@7.0.0","MIT","https://github.com/chalk/wrap-ansi"
"wrappy@1.0.2","ISC","https://github.com/npm/wrappy"
"write-file-atomic@3.0.3","ISC","https://github.com/npm/write-file-atomic"
"ws@7.5.7","MIT","https://github.com/websockets/ws"
"xml-name-validator@3.0.0","Apache-2.0","https://github.com/jsdom/xml-name-validator"
"xmlchars@2.2.0","MIT","https://github.com/lddubeau/xmlchars"
"xss@1.0.10","MIT","https://github.com/leizongmin/js-xss"
"xtend@4.0.2","MIT","https://github.com/Raynos/xtend"
"y18n@5.0.8","ISC","https://github.com/yargs/y18n"
"yallist@2.1.2","ISC","https://github.com/isaacs/yallist"
"yallist@3.1.1","ISC","https://github.com/isaacs/yallist"
"yallist@4.0.0","ISC","https://github.com/isaacs/yallist"
"yaml@1.10.2","ISC","https://github.com/eemeli/yaml"
"yargs-parser@20.2.9","ISC","https://github.com/yargs/yargs-parser"
"yargs-parser@21.0.1","ISC","https://github.com/yargs/yargs-parser"
"yargs@16.2.0","MIT","https://github.com/yargs/yargs"
"yargs@17.3.1","MIT","https://github.com/yargs/yargs"
"yn@3.1.1","MIT","https://github.com/sindresorhus/yn"
"yocto-queue@0.1.0","MIT","https://github.com/sindresorhus/yocto-queue"